id,first_name,last_name,password,email
1,Barbara,Nunnery,ywuz9JHjd,bnunnery0@mit.edu
2,Lorita,Slora,REomVDO7PWg,lslora1@paypal.com
3,Krishna,Mays,bMTgHUgeos,kmays2@abc.net.au
4,Justine,Milson,sDSmuB,jmilson3@admin.ch
5,Lalo,Finnan,ekFwXxzwQHS,lfinnan4@etsy.com
6,Amanda,Grocock,JszvEGsi,agrocock5@arizona.edu
7,Trueman,Affron,iFaFHSw,taffron6@ucoz.com
8,Carrol,Burgisi,mRgjkLLHj1,cburgisi7@ucsd.edu
9,Fowler,Larret,nZYXuveQ,flarret8@biglobe.ne.jp
10,Trista,Thaxter,mMgpgC,tthaxter9@slate.com
11,Pat,Adamson,TkKC8ZO1N,padamsona@dmoz.org
12,Sallyanne,Raoult,lzNCj3xpmOxQ,sraoultb@netscape.com
13,Charmian,Moreno,Fy97PF,cmorenoc@dailymail.co.uk
14,Adrianna,Salzburg,JDlHp8Mn0rj,asalzburgd@sfgate.com
15,Kora,Feeham,Qc6ub6Iiz,kfeehame@multiply.com
16,Dyana,Postins,glYYqkQ8uxto,dpostinsf@webeden.co.uk
17,Gerianne,Klassmann,DZnbz6R3al,gklassmanng@ebay.com
18,Alisha,Mealing,Lf22eA6,amealingh@cmu.edu
19,Trudi,Cancellor,eKUIDhfz9L,tcancellori@surveymonkey.com
20,Beret,Filipowicz,gCu7KjZFbN,bfilipowiczj@amazon.com
21,Rubin,Karby,eRDGlDfr80b,rkarbyk@apache.org
22,Man,Gundry,YtN6CKbn,mgundryl@auda.org.au
23,Chan,Biffin,FTJJObt,cbiffinm@wikia.com
24,Kory,Archanbault,Kpm6uknhurN,karchanbaultn@trellian.com
25,Arnold,Mease,vf9xJumuQeZ,ameaseo@marriott.com
26,Shaina,Dowty,AzRrr4LJ26t,sdowtyp@networksolutions.com
27,Chance,Dundredge,IU8IfwUA86d,cdundredgeq@who.int
28,Zia,Hatherleigh,W8j7C1zxm,zhatherleighr@apple.com
29,Angela,Martlew,NTTXPn,amartlews@timesonline.co.uk
30,Kelsi,Adriaan,etxykqpptNZ,kadriaant@webmd.com
31,Archie,Daulton,w9eweik9Ru,adaultonu@businessinsider.com
32,Marianna,Pulster,fBBPZLSld,mpulsterv@spiegel.de
33,Sean,Iaduccelli,RCrVQO4,siaduccelliw@dot.gov
34,Cecelia,Paquet,kVdEnXzY,cpaquetx@unblog.fr
35,Clive,Wikey,Ut62LNWMM1G,cwikeyy@elegantthemes.com
36,Marchall,Wilshire,CDrqStUGp,mwilshirez@craigslist.org
37,Moll,Remington,s9ZAfr,mremington10@ycombinator.com
38,Barb,Keysel,WLQDH4Uh,bkeysel11@merriam-webster.com
39,Tuckie,Durrant,Vc2OpsOi0t,tdurrant12@alibaba.com
40,Tandy,Radbone,EdZUzweDOW,tradbone13@phoca.cz
41,Lauree,Smallcombe,OflpknOUkP,lsmallcombe14@nyu.edu
42,Christie,Escoffrey,Jw1aIt,cescoffrey15@icq.com
43,Julissa,Gyves,rklDUVn5D,jgyves16@cargocollective.com
44,Michele,Izkovitch,NqGdcPOqF,mizkovitch17@examiner.com
45,Israel,Pollett,eIP2G8bPdHdt,ipollett18@elegantthemes.com
46,Mychal,Donaghie,PNE5a4N,mdonaghie19@prlog.org
47,Catlee,Mariaud,WOvdf3A,cmariaud1a@comcast.net
48,Freda,Kinnen,MGkPuc,fkinnen1b@marriott.com
49,Nels,Bedinham,Qh57bhag50R,nbedinham1c@wikimedia.org
50,Cassondra,Sheard,2LWADiiq9iJT,csheard1d@unblog.fr
51,Kiri,Medland,gxWi1psQNzi,kmedland1e@addthis.com
52,Kizzee,Surmeir,PrZHO995LxMc,ksurmeir1f@free.fr
53,Freeland,Tythacott,56vyK2xSb,ftythacott1g@surveymonkey.com
54,Corrie,Ackwood,l2Uz5y,cackwood1h@thetimes.co.uk
55,Tom,Baigent,L3ysYwdGqn7o,tbaigent1i@oaic.gov.au
56,Gwyn,Lidgely,zTCq8VNEdE,glidgely1j@omniture.com
57,Beniamino,Yoseloff,uxT2Ufuif,byoseloff1k@xinhuanet.com
58,Ransom,Arni,1Yc9oQ35a,rarni1l@ucla.edu
59,Leontyne,Priestley,UeA2EfctYPB,lpriestley1m@blogspot.com
60,Sawyer,Farries,BdMxu1P,sfarries1n@columbia.edu
61,Edith,Glasard,JNjmAIC,eglasard1o@sakura.ne.jp
62,Inessa,MacCarrick,EdEmHo5W1Q,imaccarrick1p@wp.com
63,Milissent,Taylo,mnAnn7Hp,mtaylo1q@independent.co.uk
64,Charin,Strapp,l8dAdZaC5,cstrapp1r@google.co.jp
65,Osbert,Tunnah,EQStbDln,otunnah1s@devhub.com
66,Jewel,Lamdin,93C9opH,jlamdin1t@cafepress.com
67,Pauly,Reidshaw,ypPxyL,preidshaw1u@wired.com
68,Bearnard,Coxon,qxnAou4cPkZ,bcoxon1v@mtv.com
69,Thacher,Neising,TqEN1Sm63Cwp,tneising1w@over-blog.com
70,Stevana,Clubley,yIgQniYc8hMb,sclubley1x@census.gov
71,Maddie,Alldre,YWy4gcGg,malldre1y@sogou.com
72,Gregorius,Cattermull,hHGb0R,gcattermull1z@smugmug.com
73,Niven,Annetts,qhQavaqiM2Ls,nannetts20@g.co
74,Sabine,Deniskevich,xQvAizH4nmdy,sdeniskevich21@skype.com
75,Lovell,Karppi,AjuglUMbN,lkarppi22@squidoo.com
76,Rodrigo,Genicke,SYD88EFCCF,rgenicke23@instagram.com
77,Liuka,Arstingall,tEEYoGCGilKA,larstingall24@about.com
78,Deidre,Enright,NKhzIqZ9s,denright25@tiny.cc
79,Hermia,Harmstone,AjjU36,hharmstone26@prlog.org
80,Bard,Raw,64medn61JZ,braw27@businessinsider.com
81,Kerianne,Bodycomb,Q7XMWbRcz3E,kbodycomb28@creativecommons.org
82,Clarey,McQuaker,T4Gtg5E,cmcquaker29@intel.com
83,Bonnibelle,Reddle,SR5a6hWsqoP2,breddle2a@walmart.com
84,Sky,Ruane,oBtDeQXV,sruane2b@nifty.com
85,Justino,Voules,xraZSOx,jvoules2c@chicagotribune.com
86,Salomo,Broadbent,yjy33nn,sbroadbent2d@hostgator.com
87,Kanya,Ridpath,X3bVo4P8S,kridpath2e@biglobe.ne.jp
88,Xymenes,Scutter,1twrUJp,xscutter2f@desdev.cn
89,Ashla,Kleinbaum,c2oc4d,akleinbaum2g@who.int
90,Mateo,Kershow,P62aRUhZfsb,mkershow2h@prweb.com
91,Lilian,Hauch,a2B0VBut8x0p,lhauch2i@loc.gov
92,Meir,Oblein,dOnfHn,moblein2j@acquirethisname.com
93,Sigvard,Tomasini,3aQqwfwM,stomasini2k@kickstarter.com
94,Glynnis,Garlett,8Ph4VyVimth,ggarlett2l@merriam-webster.com
95,Leanora,Parade,AcMTbdBw,lparade2m@seesaa.net
96,Alma,Erratt,dEnTHx,aerratt2n@java.com
97,Hyacinth,Taveriner,wW9fKy6ZR,htaveriner2o@phoca.cz
98,Kim,Kelland,YxB2rLDWKVc0,kkelland2p@cisco.com
99,Umeko,Dawidsohn,jRZWq9CWJ,udawidsohn2q@newsvine.com
100,Delcine,Twinborough,xHoXESssIBZ,dtwinborough2r@google.co.jp
101,Betsey,Coverly,u7iTyH,bcoverly2s@clickbank.net
102,Lorry,Dobell,CCXZwr,ldobell2t@nymag.com
103,Valaree,Aglione,v2jBJGGRt,vaglione2u@over-blog.com
104,Garrot,Webley,TurAto1v,gwebley2v@sun.com
105,Margette,Levison,rExTFrMOCG,mlevison2w@nytimes.com
106,Klemens,Brighty,LGrMhFFHLYsB,kbrighty2x@independent.co.uk
107,Morris,Bisson,CDDp0b,mbisson2y@reddit.com
108,Benton,Sawnwy,5qRcuIxlHJdp,bsawnwy2z@sphinn.com
109,Vera,Sheddan,1GTZNd,vsheddan30@msn.com
110,Hulda,Mullins,9QK5CeSMAr,hmullins31@goo.ne.jp
111,Alfi,Illston,iD8H9c8Ls2gQ,aillston32@acquirethisname.com
112,Margaretha,Liggens,S8wUqgu,mliggens33@microsoft.com
113,Salem,Whannel,3i7IzyaioV,swhannel34@comcast.net
114,Emmit,Grazier,nFj1Iqj,egrazier35@comcast.net
115,Cory,Braxay,Ogk5ZI,cbraxay36@cocolog-nifty.com
116,April,Haughey,cTnPI7XORp0,ahaughey37@networksolutions.com
117,Kain,Pickle,r0Tt5v1NZ4hr,kpickle38@studiopress.com
118,Genvieve,Endrighi,M4TaWtuWc6,gendrighi39@addthis.com
119,Anna-diane,Tift,GE0uTj464z,atift3a@salon.com
120,Onida,Lowin,T51tcLmbWg,olowin3b@webmd.com
121,Aryn,Oldroyde,zgvqi4aE,aoldroyde3c@hud.gov
122,Curtice,Averay,tPd7ADqmi0H,caveray3d@netvibes.com
123,Madlen,MacSkeaghan,CTcSvs00VN,mmacskeaghan3e@google.es
124,Giselle,Neeves,U1wVA6j,gneeves3f@diigo.com
125,Yvette,Pocke,uRl8ClduIiPG,ypocke3g@woothemes.com
126,Hestia,Gosse,Mr6gaykD,hgosse3h@loc.gov
127,Sissy,Sealeaf,Qj3reZ2TAh,ssealeaf3i@dailymotion.com
128,Napoleon,Woolliams,9fGFpgMQPlrZ,nwoolliams3j@devhub.com
129,Anabal,Kobpal,pEM03aU,akobpal3k@plala.or.jp
130,Kania,Perel,4DY0QpycsmRU,kperel3l@example.com
131,Dalli,Ahrend,eeV3jnvFTyhY,dahrend3m@buzzfeed.com
132,Babs,Bowmer,OaqbkDQcuD7k,bbowmer3n@apple.com
133,Zora,Hanks,I52wZTQvC,zhanks3o@nymag.com
134,Cyndie,Nudds,BgAuqaeLaLO,cnudds3p@blogspot.com
135,Brigida,Heinz,VHs7Yh,bheinz3q@msu.edu
136,Timotheus,Kleinert,BPIjrqz,tkleinert3r@gmpg.org
137,Latia,Bertelmot,fPAFAnVc,lbertelmot3s@people.com.cn
138,Rooney,Carlile,u1njw0N,rcarlile3t@economist.com
139,Marlene,Kann,VPxHryihV16,mkann3u@bing.com
140,Brandie,Buddles,Gj4HDMTb07,bbuddles3v@ucoz.com
141,Trevar,Baggaley,95kiyte7,tbaggaley3w@feedburner.com
142,William,Stansall,5cmio82z,wstansall3x@admin.ch
143,Darill,Cattroll,O6m67pWx,dcattroll3y@cnet.com
144,Neal,Philbin,YMwTq7,nphilbin3z@issuu.com
145,Catlin,Meneyer,74QvikyPe,cmeneyer40@addtoany.com
146,Olva,Givens,Bel0kf,ogivens41@slate.com
147,Stormi,Le Fleming,l4Ayt08MAlFW,slefleming42@soundcloud.com
148,Janean,Thame,oiLpxEH2XAU7,jthame43@php.net
149,Gelya,Outibridge,fs3gOXBF2ipf,goutibridge44@rambler.ru
150,Adelaide,Gutierrez,82DhyuWTHR,agutierrez45@skyrock.com
151,Danette,Mabbe,PMBIZlidFvC5,dmabbe46@umn.edu
152,Chicky,Finlayson,2xHpa4,cfinlayson47@eepurl.com
153,Walt,Patridge,P27dkbN4fi,wpatridge48@indiegogo.com
154,Nani,Brinkley,xuU7Ty39y7,nbrinkley49@unblog.fr
155,Fabio,Benedite,c2QEvYGdL84P,fbenedite4a@jugem.jp
156,Romonda,Biddulph,9uSp8Iz1,rbiddulph4b@google.it
157,Rita,Clerc,q1p3Fyq,rclerc4c@wix.com
158,Costanza,Trahmel,k9PlMS,ctrahmel4d@cbslocal.com
159,Steffie,Wolfendell,1HOWpUIs1g3D,swolfendell4e@seattletimes.com
160,Marvin,Ricciardello,1bmgkpOt8tP,mricciardello4f@godaddy.com
161,Cesya,Behrendsen,cO1w57J3uDX,cbehrendsen4g@google.it
162,Cinnamon,Gopsill,ukwROm,cgopsill4h@devhub.com
163,Nan,Bourdel,KYMBCk,nbourdel4i@github.com
164,Marshal,Dahl,5wUHvytLX,mdahl4j@xing.com
165,Kippy,Rasp,vFtN5sL,krasp4k@mail.ru
166,Gard,Bode,12kVYu6G5,gbode4l@mit.edu
167,Quinlan,Grzesiak,ELexsMlvw,qgrzesiak4m@fastcompany.com
168,Cecilia,Lafayette,4slsQGoA,clafayette4n@intel.com
169,Audrie,Gratrex,jHV0XBHucBC,agratrex4o@admin.ch
170,Brewster,Bottjer,yy3I3rPgmgZ,bbottjer4p@wikia.com
171,Beverly,Greed,ldDhNcB21,bgreed4q@liveinternet.ru
172,Natale,Malicki,UNph2opg,nmalicki4r@cnbc.com
173,Walliw,Annatt,a1Az5P,wannatt4s@dyndns.org
174,Bancroft,Ciotti,2FEAMzTBj,bciotti4t@ning.com
175,Chelsy,Cardenas,KJZhuPv,ccardenas4u@uiuc.edu
176,Greer,Hatje,UitJWaUxlF,ghatje4v@sciencedaily.com
177,Shae,Fidilis,vMbz4Hs4s,sfidilis4w@cornell.edu
178,Saul,Smorthit,TqXWS3Bc,ssmorthit4x@elpais.com
179,Lynnelle,Ilive,sDHbhmE,lilive4y@jimdo.com
180,Maressa,Micah,XWmK1adl,mmicah4z@hao123.com
181,Suzette,Uphill,NoFa5fR5Fsr,suphill50@nydailynews.com
182,Sterling,Orry,UPSKGsPoU3,sorry51@sciencedaily.com
183,Jemmie,Krysztowczyk,ffMD2NpB,jkrysztowczyk52@zimbio.com
184,Aggi,Tramel,4xa801Z8,atramel53@reverbnation.com
185,Sarene,Linskill,36SyXIMYkV0W,slinskill54@tripod.com
186,Emili,Amsberger,stcLqp0i,eamsberger55@discovery.com
187,Giacobo,Farrell,2qf25YJ,gfarrell56@google.ru
188,Zondra,Stoyle,pQ7lHvY6,zstoyle57@va.gov
189,Douglas,Francescone,jJq7vut,dfrancescone58@prlog.org
190,Bern,Shurlock,aeUHKu,bshurlock59@so-net.ne.jp
191,Kendrick,Sherwill,hclh4GDv0,ksherwill5a@upenn.edu
192,Kassia,Govett,c3VtncB,kgovett5b@yelp.com
193,Nappy,Woloschin,wIQKx9,nwoloschin5c@freewebs.com
194,Napoleon,Delooze,GzZqMO,ndelooze5d@dmoz.org
195,Devina,Haddacks,Lpl05XiQy,dhaddacks5e@eventbrite.com
196,Siward,Rosen,kU54Pv7Pv,srosen5f@ed.gov
197,Vickie,Capper,vZjB3fuooY,vcapper5g@washingtonpost.com
198,Aili,Roubert,uhUzpWy1,aroubert5h@cisco.com
199,Gina,Housecraft,4rUqRC5zm,ghousecraft5i@wp.com
200,Verina,Waudby,342As616oCzm,vwaudby5j@sina.com.cn
201,Shurlock,Hilldrup,IjmxUNbQ,shilldrup5k@issuu.com
202,Ricca,Brunel,mt079u,rbrunel5l@google.com
203,Alfie,Saywood,ZxHd5DMg1G,asaywood5m@opensource.org
204,Ludwig,Cattanach,s8k0AD,lcattanach5n@shop-pro.jp
205,Geoff,Laurenceau,RlvLrN6iZTs,glaurenceau5o@1und1.de
206,Errick,Galfour,nendXNs,egalfour5p@netvibes.com
207,Elenore,McKoy,w3XAWiplg,emckoy5q@biblegateway.com
208,Delia,Munson,KVUNFxZrOsO,dmunson5r@unicef.org
209,Dela,Plenty,AquIr9EGXo4,dplenty5s@google.nl
210,Caria,Yakolev,ZuARMX,cyakolev5t@51.la
211,Lonnie,Swaysland,BIRYEBR,lswaysland5u@army.mil
212,Bradly,Dudeney,ZGAlFw5boV,bdudeney5v@chronoengine.com
213,Dodie,Wilbud,j2DaWelN2,dwilbud5w@wufoo.com
214,Kendricks,Pristnor,U8sNltHT6,kpristnor5x@bloglovin.com
215,Revkah,Cozens,FQb6SMcId90D,rcozens5y@cnbc.com
216,Claresta,Zucker,SgYbon,czucker5z@last.fm
217,Florance,Cholton,7oOPRXe,fcholton60@apple.com
218,Merry,Handscombe,36LuP2YqGs,mhandscombe61@prlog.org
219,Charita,Tedahl,fM4gC5KgSxv4,ctedahl62@google.com.hk
220,Freedman,Waything,6Z5TuDmf,fwaything63@yellowbook.com
221,Stanleigh,Mably,bEtCDKsIvU,smably64@washingtonpost.com
222,Atalanta,Magarrell,4nE9OwtWi,amagarrell65@salon.com
223,Rudolf,Bruty,vz8gP5zId,rbruty66@nature.com
224,Shadow,Bortoloni,yDlWCyynJ3,sbortoloni67@simplemachines.org
225,Ivett,Beggi,H4pwRJ,ibeggi68@ameblo.jp
226,Langsdon,Bosworth,4nmJXCOBnOni,lbosworth69@wikia.com
227,Bamby,Gylle,qPMS2a,bgylle6a@studiopress.com
228,Fonz,Ruf,ylOIVbz,fruf6b@mtv.com
229,Bidget,Bissett,fi7INnc16Uk4,bbissett6c@mozilla.org
230,Andrew,Klasing,GgXiQs,aklasing6d@jalbum.net
231,Joyce,Jeram,fl6l20lg,jjeram6e@lulu.com
232,Cammi,Pessold,J6c8WXHNx71,cpessold6f@hp.com
233,Kylen,Caseley,8BTTULK,kcaseley6g@house.gov
234,Saw,Galletly,vQ666HKlUs,sgalletly6h@ed.gov
235,Silvio,Epdell,SEzcTn,sepdell6i@wired.com
236,Tillie,Broose,JTcZlUrph7u,tbroose6j@sciencedirect.com
237,Gretta,Sindle,FymJ44v,gsindle6k@time.com
238,Nyssa,Tretter,lmbbBb,ntretter6l@theglobeandmail.com
239,Boris,Backsal,xTYFIcs,bbacksal6m@latimes.com
240,Ilse,Besemer,XtBoEc1Egd,ibesemer6n@biglobe.ne.jp
241,Orion,Draysey,i52veUMFx,odraysey6o@engadget.com
242,Ryan,De Freyne,lL9RfC4FnAga,rdefreyne6p@marriott.com
243,Binnie,Lewisham,Cy6uoEXwnxK,blewisham6q@uiuc.edu
244,Urbanus,Hakeworth,AhUoji,uhakeworth6r@delicious.com
245,Ericka,Parlett,Ed78SperTuS,eparlett6s@symantec.com
246,Lon,Fewkes,K0aexXxZyys,lfewkes6t@economist.com
247,Tamarra,Kilmaster,C5fs1QSC9W80,tkilmaster6u@cisco.com
248,Sibby,Trippack,lEzJAPtV,strippack6v@tripod.com
249,Walker,Danat,9uTAGU,wdanat6w@livejournal.com
250,Valenka,Lesek,EOwL9Wd,vlesek6x@webnode.com
251,Lowrance,Sorensen,K85kHw8W,lsorensen6y@sina.com.cn
252,Daria,Radbone,uNFgEpYPh,dradbone6z@yelp.com
253,Jamaal,Hulburd,gGfoLQk,jhulburd70@miitbeian.gov.cn
254,Falkner,MacTeague,2eoA4UM,fmacteague71@ycombinator.com
255,Koo,Kofax,krBwtfroSHl,kkofax72@gnu.org
256,Carena,Kembley,KvBsq6V8q,ckembley73@opera.com
257,Sandie,Sheeres,3AMt7n4xOV,ssheeres74@yahoo.com
258,Marleen,Bails,77xGmRU2,mbails75@google.com.au
259,Katy,Musto,glffwcV1oBII,kmusto76@last.fm
260,Janet,Mc Gee,rfqo7u9mu,jmcgee77@elegantthemes.com
261,Maxine,Verrill,vLZjUXero,mverrill78@elegantthemes.com
262,Klement,Moresby,BdUA5Vmf,kmoresby79@google.com.hk
263,Coralyn,Bamell,ydrSD7YPI,cbamell7a@google.co.jp
264,Nadeen,Draye,JKCV9tqbLqd,ndraye7b@moonfruit.com
265,Bernette,Gregoratti,RRPuq0ffq0,bgregoratti7c@about.me
266,Cassi,Aldin,YixFvRMB00Q,caldin7d@howstuffworks.com
267,Camey,Anderbrugge,esZ3cq,canderbrugge7e@1688.com
268,Amalia,Beden,lhT3Oz1IVB4W,abeden7f@craigslist.org
269,Cicely,Miklem,y5REQa1G,cmiklem7g@google.co.uk
270,Jorrie,Anning,MHXaOi,janning7h@woothemes.com
271,Marcelia,Terram,WsXEXwm7qJP,mterram7i@zdnet.com
272,Stephani,Ruselin,lPpaDQOP,sruselin7j@etsy.com
273,Else,Jouaneton,UVkcmbhh,ejouaneton7k@liveinternet.ru
274,Joachim,Corrett,uddz2dgOGP,jcorrett7l@photobucket.com
275,Charlotte,Athey,ICG8bi0WP,cathey7m@microsoft.com
276,Ozzy,Alexsandrov,k4x453XJ,oalexsandrov7n@wikipedia.org
277,Franni,Dorro,TSSeBXn,fdorro7o@rambler.ru
278,Annabella,Bignal,WR6bU2IEMneB,abignal7p@latimes.com
279,Rozele,Reeken,8FmugWT6M,rreeken7q@imgur.com
280,Hetti,Betterton,8ziW30a0S,hbetterton7r@boston.com
281,Skipton,Sibray,rl9215YO0Bt,ssibray7s@intel.com
282,Gennie,Honywill,qEiQ6IxdSiNA,ghonywill7t@printfriendly.com
283,Muffin,Mangam,dxCHXBU6,mmangam7u@virginia.edu
284,Hazel,Bartoleyn,dQnNmVpeowAq,hbartoleyn7v@studiopress.com
285,Velvet,De Lasci,37UY7v6d,vdelasci7w@unesco.org
286,Godfry,Barford,sLKPI8bQD1,gbarford7x@skyrock.com
287,Shelley,Gaskell,XCODlunbvs4U,sgaskell7y@dedecms.com
288,Faulkner,Linnane,eRw5Jhpwn,flinnane7z@vinaora.com
289,Nataniel,Quesne,FREODFaBZ,nquesne80@usgs.gov
290,Chadwick,Hacard,gFkiwz102,chacard81@netvibes.com
291,Eliot,Finlry,cTg3Mgz,efinlry82@hp.com
292,Janette,Gonzales,IzA6CylK,jgonzales83@rakuten.co.jp
293,Heida,Simchenko,wWMOf3FQxC,hsimchenko84@bravesites.com
294,Faustine,Wilbud,k5NujsIk81Ma,fwilbud85@state.gov
295,Aubry,Chrismas,FIZDix39FOU5,achrismas86@purevolume.com
296,Roxy,Winear,WuvWXZKBUv,rwinear87@google.ru
297,Kalvin,Birchill,jeP5vRpaouUj,kbirchill88@ox.ac.uk
298,Michal,Kemshell,bvvpOPOlz9,mkemshell89@redcross.org
299,Wilie,Kiss,T1uweW,wkiss8a@virginia.edu
300,Jordan,Lindroos,jyUIHA,jlindroos8b@reddit.com
301,Durante,Banisch,8y3eP8QgvgcJ,dbanisch8c@webeden.co.uk
302,Eldon,Stebbings,InSiAQAnz,estebbings8d@businesswire.com
303,Pepillo,Kittles,as2djIlA,pkittles8e@nydailynews.com
304,Maureene,Karlsson,nWpk2fqSXCU,mkarlsson8f@facebook.com
305,Orazio,Kinworthy,2smEEvM,okinworthy8g@google.com.br
306,Lettie,Carnduff,uaYP8BN9oKi4,lcarnduff8h@rambler.ru
307,Flossie,Phalip,7HYazNE,fphalip8i@clickbank.net
308,Conney,David,tC7AmEzAU,cdavid8j@cocolog-nifty.com
309,Giffer,Bart,8gYvm034HuPd,gbart8k@cnbc.com
310,Hazel,Guterson,GVUWipjoqgl,hguterson8l@meetup.com
311,Almeta,Freeborne,LeD9d1slP,afreeborne8m@fc2.com
312,Pepillo,Carleton,xNfiNm,pcarleton8n@wired.com
313,Jerald,Stiebler,iYMOuhGlO1N,jstiebler8o@ovh.net
314,Stefanie,Bissill,rsQXyeUT,sbissill8p@pcworld.com
315,Cecilia,De Clairmont,lLtq7khP,cdeclairmont8q@senate.gov
316,Oran,Langsdon,OFm6wnj83,olangsdon8r@soup.io
317,Arni,Brownsey,Ij3FscqBZ,abrownsey8s@networkadvertising.org
318,Crista,Jekyll,YieV3Fk3CW,cjekyll8t@spotify.com
319,Allix,Axup,ASDO2VmPKHQz,aaxup8u@nih.gov
320,Petronille,Collcutt,Hj78jdoF6A,pcollcutt8v@ibm.com
321,Verine,Skittrell,61t4c2,vskittrell8w@netlog.com
322,Nerita,Peert,ebFgqGiZ5M,npeert8x@digg.com
323,Frieda,Jenking,N16ewDwx,fjenking8y@hexun.com
324,Ephraim,Syversen,61v7t4pA0,esyversen8z@wufoo.com
325,Elga,Wimsett,EiNjklBN,ewimsett90@dedecms.com
326,Rurik,Worstall,yAyjai,rworstall91@twitpic.com
327,Jimmy,O'Curran,OuhJAx9rXe,jocurran92@dmoz.org
328,Teirtza,Checo,RbFgz9HUmy,tcheco93@moonfruit.com
329,Anita,Picford,SdPSh5vW48xh,apicford94@desdev.cn
330,Ulises,Bowness,lNylsu5bz,ubowness95@phpbb.com
331,Jacquelynn,Kitchiner,XG3BTfjv7,jkitchiner96@addthis.com
332,Alwyn,Westman,AW5ark4f,awestman97@eventbrite.com
333,Katine,Hub,Wbq95F,khub98@typepad.com
334,Courtnay,Klosges,09pi0kp,cklosges99@homestead.com
335,Lesya,Pullinger,hTxB6CLu,lpullinger9a@goo.gl
336,Liv,Urvoy,wQxjNTdBEo,lurvoy9b@arizona.edu
337,Goldia,Swatten,Bm5nG6gUDC1,gswatten9c@dagondesign.com
338,Bridgette,Gelder,p0QUvmWu8,bgelder9d@twitter.com
339,Ware,Chaffey,QLDe5xB,wchaffey9e@rakuten.co.jp
340,Odille,Sebert,xY0gpROTKZ,osebert9f@com.com
341,Ephraim,Tiner,YxPofdj3jQN,etiner9g@studiopress.com
342,Tamas,Bumby,Vfohc0o94j,tbumby9h@npr.org
343,Astrix,Batey,1AEzEZnR,abatey9i@about.me
344,Kimmie,Brazil,agbiJjEf8Y6,kbrazil9j@canalblog.com
345,Bab,Newcomen,y0jvEDN5DnB4,bnewcomen9k@squarespace.com
346,Burk,Broadbear,5gTdhin,bbroadbear9l@qq.com
347,Charlot,Fockes,RsL6hkd0,cfockes9m@creativecommons.org
348,Harland,Huntingford,VqDzUMmzT,hhuntingford9n@jiathis.com
349,Lilias,Tremblet,cKzCX7Eso,ltremblet9o@japanpost.jp
350,Bennie,Adey,4PbvFzEizjV,badey9p@ca.gov
351,Fancie,Smallpeice,kdov5Ar,fsmallpeice9q@theguardian.com
352,Bart,M'Barron,KpxyEhjm9F,bmbarron9r@google.com
353,Abby,Goare,fpBCT8uqMc,agoare9s@people.com.cn
354,Yvor,Carbett,Wjhlkc0w406j,ycarbett9t@google.ru
355,Rora,Purselow,ljxTlH1,rpurselow9u@prlog.org
356,Jedidiah,Starbuck,h0XYZS8WUQk,jstarbuck9v@wordpress.org
357,Corabelle,Craske,vqHOUVltk,ccraske9w@naver.com
358,Mitchel,Domanek,VV79qkh18,mdomanek9x@uol.com.br
359,Dorolisa,Youings,qDE0nbpw0D6y,dyouings9y@so-net.ne.jp
360,Isabelita,Gerrels,VcPDAWnZzvzF,igerrels9z@dagondesign.com
361,Alleen,Copson,PxLnzEg8,acopsona0@latimes.com
362,Aurelea,Flemmich,8cIot3Qf4S,aflemmicha1@google.co.jp
363,Micheil,Meaker,Ou72mL,mmeakera2@time.com
364,Frederigo,Moodycliffe,UKHN277rGM,fmoodycliffea3@chicagotribune.com
365,Abbot,Stear,F2JJwmlF,asteara4@amazon.co.uk
366,Michaella,Colling,mpRAIST,mcollinga5@ox.ac.uk
367,Wye,Nowell,8Y1V6m7zt,wnowella6@webnode.com
368,Asher,Berecloth,vS7Gfk9ccB,abereclotha7@odnoklassniki.ru
369,Sim,Maultby,insygsy8U55,smaultbya8@list-manage.com
370,Mae,Siddeley,UV9EiUx,msiddeleya9@weather.com
371,Tanney,Kettlestringes,QdN5AqGJbTc,tkettlestringesaa@netscape.com
372,Dareen,Hargreves,7bmULAh50s,dhargrevesab@wikispaces.com
373,Georgine,Ehrat,9Zk9OP,gehratac@ustream.tv
374,Nikita,Vertey,OemQXphBjLav,nverteyad@4shared.com
375,Abbie,Beacroft,IWaYy4,abeacroftae@stanford.edu
376,Yolande,Freer,vASizM9NA,yfreeraf@telegraph.co.uk
377,Scott,Setchell,JUp3cTJs,ssetchellag@ifeng.com
378,Jay,Tersay,xdYHiwQEQlr,jtersayah@ebay.com
379,Bertrand,Bethune,EKl1Pz8,bbethuneai@elegantthemes.com
380,Cora,Diver,FzA6lFfzPT0,cdiveraj@mashable.com
381,Minerva,Allain,xZjpyhFd,mallainak@tumblr.com
382,Jacquenetta,Hancell,sSYCSfc,jhancellal@xinhuanet.com
383,Thorsten,Seer,MyHpCM,tseeram@google.pl
384,Tatum,Kennelly,0lzgiZnbR,tkennellyan@unesco.org
385,Laurice,Pancoast,eGWW5VP,lpancoastao@weebly.com
386,Freddie,Cuffley,9GdXhzWEgx,fcuffleyap@google.nl
387,Allegra,Vedeshkin,uhf5jiegFF,avedeshkinaq@yolasite.com
388,Esdras,Banbrigge,Wmpc2MUSDaKy,ebanbriggear@tmall.com
389,Sayres,Rhucroft,qwmozOgFqx,srhucroftas@networksolutions.com
390,Pansie,O'Halloran,1psVSek5,pohalloranat@stumbleupon.com
391,Wolfie,Welman,OYK4kCfh,wwelmanau@behance.net
392,Ammamaria,Leven,uZs6rj,alevenav@stumbleupon.com
393,Goldarina,Niece,OEfU7CQZ1Et,gnieceaw@pagesperso-orange.fr
394,Winni,Kunzel,yu3WT6xnv,wkunzelax@tinypic.com
395,Magdalen,Kaufman,7NeB4CQfjCuC,mkaufmanay@shinystat.com
396,Tansy,Mortlock,g8eIJm59z,tmortlockaz@disqus.com
397,Rossy,MacGettigen,wJvAYJ9QYWg,rmacgettigenb0@hexun.com
398,Joshia,Moss,B3XPcMeF,jmossb1@simplemachines.org
399,Cass,Trayton,QCifm9EPRKdJ,ctraytonb2@geocities.com
400,Hurleigh,Kincey,9dKgq7Rg,hkinceyb3@hexun.com
401,Betsey,Nicolson,fQypqdgO,bnicolsonb4@reuters.com
402,Ketti,McIlhone,1osH8r,kmcilhoneb5@i2i.jp
403,Prudy,Von Oertzen,UbXjuFJ4wkLk,pvonoertzenb6@cnn.com
404,Cacilia,Hunston,TfUtAMUdfE,chunstonb7@marriott.com
405,Ban,Murrhaupt,ooUSto29bw3u,bmurrhauptb8@bing.com
406,Margaretta,Pimlock,IKYmPZDxOw,mpimlockb9@smugmug.com
407,Bethanne,Muskett,CrXZZA0L5,bmuskettba@oracle.com
408,York,Divell,zUJFtCbLn1v,ydivellbb@columbia.edu
409,Jory,Arden,b0YT3dSpdq,jardenbc@abc.net.au
410,Mimi,Creber,BilctC,mcreberbd@geocities.com
411,Willem,Lindup,lXIJboc8jO,wlindupbe@live.com
412,Brandy,Del Monte,vs05oiZi,bdelmontebf@si.edu
413,Trefor,Glasspoole,meplv6h,tglasspoolebg@diigo.com
414,Jere,Brackenbury,7syPcgxoPE3E,jbrackenburybh@elpais.com
415,Vic,Luchelli,1Eog8H6Dn,vluchellibi@shop-pro.jp
416,Ced,Normavill,KDhU3Go,cnormavillbj@ihg.com
417,Washington,Fordyce,Xv8OX4QyZN,wfordycebk@livejournal.com
418,Veriee,Shackesby,IPwp3DOo,vshackesbybl@ezinearticles.com
419,Jillana,Lineen,oQkwDFxH1NL,jlineenbm@ca.gov
420,Afton,Campa,guHfI7stvdV,acampabn@geocities.jp
421,Jamill,Aleksashin,AMulcK,jaleksashinbo@go.com
422,Halli,Fairburne,ZBqZNkNUzcq5,hfairburnebp@biglobe.ne.jp
423,Rachele,Kinson,fE6UXAZxj,rkinsonbq@springer.com
424,Nichole,Loch,PHBSoCBnL,nlochbr@aboutads.info
425,Cobbie,Goghin,9foqp1,cgoghinbs@list-manage.com
426,Lowell,Snoddin,AwSzWK,lsnoddinbt@xing.com
427,Milli,Keppin,7NKkPl6kJ,mkeppinbu@furl.net
428,Hugo,Iacovaccio,XoDIcA76k,hiacovacciobv@fc2.com
429,Fidelio,Perone,rCQqme,fperonebw@usatoday.com
430,Roch,Plampeyn,4SHKSKj,rplampeynbx@nps.gov
431,Margalo,Carp,J6mSoiM,mcarpby@indiegogo.com
432,Barbara-anne,Crocetto,DPKQo4p5,bcrocettobz@utexas.edu
433,Barney,Cavill,BgZYklArcjX,bcavillc0@live.com
434,Tye,Reeman,fW1mKvKxBSmS,treemanc1@shinystat.com
435,Ivett,Gieves,lI3a35mx4l,igievesc2@amazon.com
436,Ford,Wisniowski,qCFwcuv,fwisniowskic3@ocn.ne.jp
437,Carmina,MacLaren,RiN8RUU,cmaclarenc4@va.gov
438,Euell,Sirett,kUu2bIjZeNU,esirettc5@nsw.gov.au
439,Blisse,Grey,qROt1cD,bgreyc6@nps.gov
440,Avram,Winkell,azd0VHIF,awinkellc7@cam.ac.uk
441,Roze,Bras,SCUozfksXG,rbrasc8@answers.com
442,Riki,Strettell,d8ohHDTCPi,rstrettellc9@uiuc.edu
443,Esra,Knights,PgFTCk,eknightsca@1und1.de
444,Chantalle,Dytham,dZTP1zb5,cdythamcb@wix.com
445,Storm,Tall,VVi6hU,stallcc@squidoo.com
446,Adele,Cleevely,QDtz6cxvl,acleevelycd@prweb.com
447,Pen,Machin,5J3wPlsJj2Fc,pmachince@tamu.edu
448,Jewelle,Wrathmell,I3ykHadwKR9N,jwrathmellcf@google.com
449,Vite,Ager,CCIbQsa,vagercg@harvard.edu
450,Raina,Ottey,ATrENkp,rotteych@eventbrite.com
451,Doe,Kerswell,lgUEyiscGoVQ,dkerswellci@hostgator.com
452,Herb,Daish,RGeJht,hdaishcj@theatlantic.com
453,Tanhya,O'Hegertie,D9iSdjiy,tohegertieck@mail.ru
454,Michaeline,Irlam,KyJYDrlSc,mirlamcl@hibu.com
455,Yulma,Montacute,iToF0PX7q2TE,ymontacutecm@jigsy.com
456,Wolfgang,Childers,JhWDqMk,wchilderscn@hexun.com
457,Jeddy,Tarbox,hvlMIBh99p,jtarboxco@wufoo.com
458,Micheil,Maccaddie,1JRrqxGTU,mmaccaddiecp@prnewswire.com
459,Dorene,Purkess,J3cQVoZ,dpurkesscq@de.vu
460,Gav,Muckeen,gAwrKISdk,gmuckeencr@bandcamp.com
461,Arielle,Stuffins,JnyIOe5VqB9,astuffinscs@cpanel.net
462,Angel,Petrillo,0aUB1MH6dnF,apetrilloct@japanpost.jp
463,Marisa,Richings,ZPIpMsA3,mrichingscu@edublogs.org
464,Helaina,Basketfield,D0SjLz5Q0SA,hbasketfieldcv@about.com
465,Stu,Venmore,6EDgFI1j,svenmorecw@nyu.edu
466,Conney,Buney,TSp01gfo,cbuneycx@newyorker.com
467,Ashil,Argrave,ZAzENJF7l,aargravecy@washingtonpost.com
468,Devi,Duffie,u0eYfR,dduffiecz@barnesandnoble.com
469,Sophronia,Skupinski,RcvfwwO2Q,sskupinskid0@upenn.edu
470,Wallace,Guye,PC4IJoW,wguyed1@dell.com
471,Flory,Hackworthy,sHw4XQp68,fhackworthyd2@jalbum.net
472,Aimil,Butterly,ukccJ09hUvG2,abutterlyd3@trellian.com
473,Garnette,Wellbeloved,p6OvBjuAOZ,gwellbelovedd4@360.cn
474,Bettye,Faro,Fjb5c4LYH,bfarod5@163.com
475,Weston,Ianno,0NLC3dczlvt,wiannod6@theguardian.com
476,Charmane,Freeberne,I0cFL6lEz,cfreeberned7@dell.com
477,Dollie,Rosander,7f0ZT9,drosanderd8@webs.com
478,Israel,Yakhin,4YNfwm1TuRil,iyakhind9@hibu.com
479,Kelsy,Friel,dPUauHzAAh,kfrielda@cbc.ca
480,Jeanne,Taphouse,HDTcR1eAGL1,jtaphousedb@jigsy.com
481,Shermy,Gullyes,rJITTz,sgullyesdc@cam.ac.uk
482,Nertie,L'Hommee,DfFL4LRF4Ky,nlhommeedd@ifeng.com
483,Buck,Skudder,I3i6YWzzuC2i,bskudderde@free.fr
484,Glen,Mantram,AMEBw9K968n,gmantramdf@oakley.com
485,Fawne,Keys,fEilCZW,fkeysdg@squidoo.com
486,Inness,Burkin,xMWUUaL,iburkindh@gizmodo.com
487,Paige,Gerler,LvoMDC28Of,pgerlerdi@addtoany.com
488,Cordie,Gunda,2lBxmWIf,cgundadj@marriott.com
489,Monroe,Faichnie,YK9l6P,mfaichniedk@delicious.com
490,Bobbee,Smail,vEv3KWPl6a,bsmaildl@fema.gov
491,Shepherd,Boylin,0ssaizgUo0W,sboylindm@is.gd
492,Luis,Wilkennson,FGrTooL,lwilkennsondn@wufoo.com
493,Codi,Castellino,2xGaDb,ccastellinodo@businessinsider.com
494,Staci,Springall,e3N10HAHO,sspringalldp@newyorker.com
495,Mathe,Di Maria,iHZlOq,mdimariadq@wufoo.com
496,Elfie,Ben,g2LOJmSk,ebendr@mapquest.com
497,Antoinette,Jelly,Yovv8joIK,ajellyds@ed.gov
498,Zena,Marieton,QCw0rdoqX,zmarietondt@kickstarter.com
499,Daune,Frentz,QRfX0ATk,dfrentzdu@imgur.com
500,Edd,Kingdon,Da0ACMOaUVZS,ekingdondv@google.com.br
501,Levin,Spilling,mMR7lAVq,lspillingdw@yelp.com
502,Iolanthe,Ticksall,8BRI7MCK,iticksalldx@reference.com
503,Lawry,Baudts,PRjYdp9HRU,lbaudtsdy@omniture.com
504,Euell,Syde,5AUmLrZT,esydedz@cmu.edu
505,Pearl,Nasey,gYgN2cOsM2,pnaseye0@yolasite.com
506,Eve,Rilings,2PlSfLTP,erilingse1@unblog.fr
507,Moore,Merida,sDLrxKc4EzUC,mmeridae2@furl.net
508,Bernadina,Wharmby,9KmjpDpm0R81,bwharmbye3@irs.gov
509,Dolli,McSweeney,35Ma964V3yYn,dmcsweeneye4@hexun.com
510,Demetris,Domini,BycbM603dLa5,ddominie5@blogs.com
511,Dalila,Gunderson,sI59XzVSBWpB,dgundersone6@eepurl.com
512,Riccardo,Canter,LrebFllj,rcantere7@wp.com
513,Darla,Petrasek,jtkALm,dpetraseke8@marriott.com
514,Wandis,Kubach,HNwyGy,wkubache9@wiley.com
515,Millard,Van der Hoeven,gEu0DoY,mvanderhoevenea@alibaba.com
516,Kent,Luberti,TXR9cC,klubertieb@ca.gov
517,Heddi,Lujan,32sT67FIG2Fg,hlujanec@ycombinator.com
518,Bessie,Pilfold,0q5sFk0PSb,bpilfolded@mediafire.com
519,Thorny,Kiff,4lQqdY,tkiffee@msu.edu
520,Fifi,McKeevers,33oKNbrf6T,fmckeeversef@ucla.edu
521,Sterne,Haycroft,f8CnC8,shaycrofteg@mac.com
522,Courtney,Stebbins,bgeqCUeSt2t,cstebbinseh@google.com.br
523,Crystie,Skuse,AagBOqqxrE,cskuseei@google.ca
524,Vick,Rochester,znbgHMKz,vrochesterej@topsy.com
525,Delainey,Huxster,fhjxTA,dhuxsterek@amazonaws.com
526,Iggie,Suttell,2vBGYmKzlDFB,isuttellel@php.net
527,Barnabe,Corney,BbNbm6ejKp,bcorneyem@craigslist.org
528,Aveline,Manns,ipU8CGgo,amannsen@samsung.com
529,Nikos,Hursthouse,CSP8CDl,nhursthouseeo@photobucket.com
530,Edward,Grayham,t2nvsZrevRHA,egrayhamep@skype.com
531,Wake,MacCard,7KpoFeSgGXr,wmaccardeq@addthis.com
532,Odelia,Yitzhak,rCvIlPOC,oyitzhaker@ca.gov
533,Horacio,Buey,ZPAIip5CxCMB,hbueyes@phpbb.com
534,Atlante,Eby,wSOXcEKV1,aebyet@paypal.com
535,Bonnie,Rossant,pXxwhN4yjo,brossanteu@sun.com
536,Vittorio,Royden,m23g9a,vroydenev@infoseek.co.jp
537,Jonas,Sidworth,5dkwUXlmPQ,jsidworthew@cnn.com
538,Victoir,Pagitt,RLh6bB5,vpagittex@jigsy.com
539,Markus,Schiementz,ZK2IyFen,mschiementzey@fda.gov
540,Adamo,Chilvers,5UNOU2T8sxOI,achilversez@amazon.com
541,Gerrard,McCurtain,59lv5Mx2fy,gmccurtainf0@smugmug.com
542,Fina,Hutton,WFsrdS7v,fhuttonf1@nationalgeographic.com
543,Alicia,Ianniello,R41lDklH,aianniellof2@fc2.com
544,Jobina,Jarred,F4dk5gEQk,jjarredf3@sciencedaily.com
545,Tibold,Brawson,4a3NnnUnO,tbrawsonf4@amazon.de
546,Rutger,Skeat,5Rcwl6T3AmfA,rskeatf5@blogger.com
547,Henderson,Bransden,z8bC2LQgvnL,hbransdenf6@shop-pro.jp
548,Larina,Clayfield,N8wNSv,lclayfieldf7@psu.edu
549,Sunny,Guierre,04rpVhb,sguierref8@cbslocal.com
550,Sophie,Higginbottam,uUQ3AL,shigginbottamf9@wix.com
551,Mortimer,Bimrose,g794e6TOL2nF,mbimrosefa@histats.com
552,Glynnis,Ogbourne,18DXMPuR9Q0b,gogbournefb@wikipedia.org
553,Gareth,Burless,iPbhEIZ,gburlessfc@columbia.edu
554,Elvin,Rolph,YHsXp1sJAYO,erolphfd@barnesandnoble.com
555,Menard,Avramovich,9h3wztAk16uT,mavramovichfe@state.tx.us
556,Bessy,Darycott,1vKeII1Wi,bdarycottff@theglobeandmail.com
557,Lani,Igglesden,t4d8IKz2g,ligglesdenfg@shutterfly.com
558,Barbabas,MacCaull,EiuBOvoeA,bmaccaullfh@issuu.com
559,Vilhelmina,Briton,yvY5AZW7Uvxv,vbritonfi@foxnews.com
560,Zollie,Finnimore,4qnM0QefJjBg,zfinnimorefj@acquirethisname.com
561,Nicol,Tulk,WD9XdUdRpSzn,ntulkfk@thetimes.co.uk
562,Babs,Maleney,x5Iwwu5GF,bmaleneyfl@360.cn
563,Nickey,Frean,ZmCdSrUw4Y,nfreanfm@reuters.com
564,Nathalie,Ram,InY0Y3,nramfn@tmall.com
565,Caren,Dowbakin,nyMQBhu,cdowbakinfo@is.gd
566,Hayes,Foulcher,olThdyjrcITV,hfoulcherfp@fema.gov
567,Merla,Gahan,Vov9AJLGovV2,mgahanfq@elpais.com
568,Harper,Casazza,XDAlkGUtT39w,hcasazzafr@ft.com
569,Maressa,Montilla,4o7uPA3,mmontillafs@nydailynews.com
570,Cynthia,Hutchinges,U7sDap,chutchingesft@nature.com
571,Ara,Awcoate,Bm3Fuhuj62n,aawcoatefu@wp.com
572,Parry,Berrane,rSsGcleL,pberranefv@baidu.com
573,Alidia,Eliyahu,A5b8qa,aeliyahufw@nationalgeographic.com
574,Alexandrina,Jedrzej,Q9YLDtce,ajedrzejfx@fda.gov
575,Van,Opfer,AzbbJNG8,vopferfy@plala.or.jp
576,Judon,Geerling,FEJUXg,jgeerlingfz@wisc.edu
577,Tressa,Axon,NI5pLOG8l1W,taxong0@seattletimes.com
578,Leonid,Whales,K8WKbGMMhjyu,lwhalesg1@nsw.gov.au
579,Gorden,D'Ambrogio,DZWHlrgv3aaA,gdambrogiog2@amazon.com
580,Malinde,Kenny,0nkO7UGqLJ,mkennyg3@aol.com
581,Jesse,Greenhall,h1F5JeNJNUC1,jgreenhallg4@nbcnews.com
582,Eward,Gwinnell,Z0E9SDNf,egwinnellg5@friendfeed.com
583,Rafaellle,Galway,UBRi5BxCT6OJ,rgalwayg6@mapquest.com
584,Harri,Gitthouse,mCcx65X,hgitthouseg7@pagesperso-orange.fr
585,Breanne,Duval,4hOx9GO7u8,bduvalg8@theglobeandmail.com
586,Ainsley,Bank,MWpQvx1nTK,abankg9@tmall.com
587,Denys,Eggleson,xMLdGr,degglesonga@woothemes.com
588,Hyacinthie,Dumphrey,1eug7q,hdumphreygb@slate.com
589,Maureen,Filtness,zycZtulzrC5y,mfiltnessgc@seesaa.net
590,Gena,Allright,wqPG86,gallrightgd@skyrock.com
591,Merrily,Sams,Zyj1Pztj7D,msamsge@macromedia.com
592,Shelly,Laurentin,YUNfiNh,slaurentingf@tinyurl.com
593,Isabella,Haimes,SMPDti5d,ihaimesgg@ft.com
594,Marin,Haddington,SOsOQKQ6,mhaddingtongh@networksolutions.com
595,Arluene,Daviddi,ubuCF6Ht6p6x,adaviddigi@ox.ac.uk
596,Lamar,Epp,nAAFVX,leppgj@blogspot.com
597,Roseline,Stollwerk,oD6cLw,rstollwerkgk@opera.com
598,Katie,Broxis,SNTzXvu7BfrQ,kbroxisgl@drupal.org
599,Jeffry,Hexter,W3MXUV,jhextergm@sohu.com
600,Madge,Seatter,LywHnR,mseattergn@infoseek.co.jp
601,Wenonah,Balden,wzf3BxQV7EH,wbaldengo@omniture.com
602,Randie,Brechin,4oTeQX,rbrechingp@spiegel.de
603,Meaghan,Ruddoch,ARenU6c06,mruddochgq@oracle.com
604,Hube,Slobom,LqWdBF70L8uP,hslobomgr@seattletimes.com
605,Rosette,Rolf,7epetuUQENN,rrolfgs@woothemes.com
606,Magda,Kinson,NE6tIp8,mkinsongt@free.fr
607,Chevy,Walkinshaw,JE4S2Y5yfh,cwalkinshawgu@bbc.co.uk
608,Liliane,Fisk,KBHHjohLV66,lfiskgv@wisc.edu
609,Mile,Menezes,YXLOC6pJQ,mmenezesgw@google.it
610,Duff,Lidgey,QYPfvP4rR,dlidgeygx@vkontakte.ru
611,Tybalt,McIlvaney,drvdKP4q,tmcilvaneygy@rambler.ru
612,Gianni,Rame,pMBEl7uaV,gramegz@hhs.gov
613,Dory,Urian,W91kMZnE,durianh0@about.com
614,Barb,Beldam,1ESITK4,bbeldamh1@mediafire.com
615,Harlie,McCorrie,TJq5SHy3SdC,hmccorrieh2@joomla.org
616,Farand,MacKeague,PLm6bJpSTG3,fmackeagueh3@sakura.ne.jp
617,Mady,Roger,X13C8eS,mrogerh4@weibo.com
618,Odo,Gwin,OCLoJKP,ogwinh5@devhub.com
619,Scarlett,Yurov,BM890WuB,syurovh6@hugedomains.com
620,Rowena,Gravenor,80qxy1,rgravenorh7@1und1.de
621,Archie,Fuentez,Wc9zgtojLMT,afuentezh8@homestead.com
622,Margaretha,Dohmer,0XSf6R,mdohmerh9@pbs.org
623,Ernest,Hartil,2Sm5IyocP,ehartilha@unicef.org
624,Petronella,Dymocke,nvDseH,pdymockehb@squarespace.com
625,Marsiella,Georgeon,secvJSbS4SJ,mgeorgeonhc@blog.com
626,Obediah,Carnoghan,K7PDtZ10pDO,ocarnoghanhd@auda.org.au
627,Jakie,Hailston,EKcKf4ZoFqyI,jhailstonhe@dailymotion.com
628,Remington,Baison,r3h5dLKhTY,rbaisonhf@apache.org
629,Lynnea,Viccars,CV29vedaLAz,lviccarshg@samsung.com
630,Loria,Stoffersen,I6h753nPWoQ,lstoffersenhh@lycos.com
631,Ulrica,Augustin,DzCNFLD,uaugustinhi@com.com
632,Zola,Cockrem,FtWhrnj2h0,zcockremhj@ask.com
633,Eberto,Haisell,LH4ACe,ehaisellhk@imgur.com
634,Adorne,O'Scanlan,8gMZdSAJYJwm,aoscanlanhl@cyberchimps.com
635,Dennie,Gewer,EW7X95PZ3,dgewerhm@sakura.ne.jp
636,Melisande,Dows,1fBXzbEV,mdowshn@hp.com
637,Blithe,Seccombe,DRYl5vuzR5W2,bseccombeho@vistaprint.com
638,Didi,Wickerson,Oqb6Ki1a29G,dwickersonhp@miibeian.gov.cn
639,Granthem,Inston,yCAHf8,ginstonhq@pagesperso-orange.fr
640,Benita,MacNucator,NTYQZXOykkR,bmacnucatorhr@godaddy.com
641,Lavena,Stallebrass,R0ktvZ6sg,lstallebrasshs@accuweather.com
642,Sophi,Carpe,3WWbv8aE,scarpeht@soundcloud.com
643,Bail,Platfoot,8lWKJs4Wu,bplatfoothu@eepurl.com
644,Arron,Rolse,5qSf3wg,arolsehv@statcounter.com
645,Matt,Altham,3EBcr6,malthamhw@ucoz.com
646,Raimund,Manwaring,Jx5mdWBzLn,rmanwaringhx@seattletimes.com
647,Howey,Kleine,iu5WKQhFBZ6,hkleinehy@com.com
648,Lesli,Wale,FVD2VC1,lwalehz@wufoo.com
649,Dan,Shortt,yyWMYL,dshortti0@stanford.edu
650,Tobey,Dupey,DkohQsrvC,tdupeyi1@mit.edu
651,Terese,Gonzales,EyPYz4GuC,tgonzalesi2@un.org
652,Waverley,Burdikin,iKpaUdr6iWg,wburdikini3@bbc.co.uk
653,Benoit,Duddin,OSnK2T28KN,bduddini4@europa.eu
654,Carley,Vidyapin,izxQpQz6,cvidyapini5@stanford.edu
655,Rasla,Stops,NR6fZfV0,rstopsi6@unblog.fr
656,Gwenora,Ruppelin,XydsMQ8hcr6d,gruppelini7@earthlink.net
657,Alfreda,Sellman,7zw1xeIpWr,asellmani8@fc2.com
658,Sharia,Vandenhoff,MpHX80i2SjQ,svandenhoffi9@tinyurl.com
659,Chiquia,Yakovlev,AtMOOFz,cyakovlevia@paginegialle.it
660,Korney,O'Mullally,dmitSEZmN,komullallyib@acquirethisname.com
661,Shurwood,Bohey,vqn0vi,sboheyic@fc2.com
662,North,Toone,RNGniT48tJ,ntooneid@shareasale.com
663,Marylou,Drewell,RGTTb7o,mdrewellie@themeforest.net
664,Saunderson,Shipton,ITzFMo,sshiptonif@uiuc.edu
665,Adriane,Rochelle,u7cLmPcWL,arochelleig@blog.com
666,Jodie,Fraanchyonok,FSrCmobEC2,jfraanchyonokih@psu.edu
667,Merlina,Monard,09mWAFJYt,mmonardii@1688.com
668,Coleen,Bogace,0cxxPaayZZzs,cbogaceij@oaic.gov.au
669,Dev,Rubinshtein,yVv7Ya9y0P8z,drubinshteinik@istockphoto.com
670,Finn,Thay,mKkNbOvSZjI,fthayil@shutterfly.com
671,Robb,Hawkswell,IlNn8KWS0,rhawkswellim@hud.gov
672,Christiano,Withinshaw,NHqa9ca,cwithinshawin@usgs.gov
673,Artur,Luetkemeyer,dQkNZYNOsO,aluetkemeyerio@ucoz.com
674,Felisha,Tamsett,IgJyQnQ,ftamsettip@dmoz.org
675,Christy,Hebbs,OjKDvR,chebbsiq@ft.com
676,Emmalyn,Fleote,dzoWX0T,efleoteir@163.com
677,Ferdinanda,Edler,9mw6ipCtL,fedleris@harvard.edu
678,Faber,Yosevitz,PgZnIaQot6,fyosevitzit@delicious.com
679,Lanita,Kubala,0PwnSpVl56kX,lkubalaiu@ox.ac.uk
680,Alonso,Bakhrushin,SnE1TA3,abakhrushiniv@businessinsider.com
681,Elita,Mc Giffin,ttx5bMa,emcgiffiniw@mozilla.com
682,Sharl,Mirfin,dGjAh2QEEM,smirfinix@icq.com
683,Jonathan,Bundock,Ys4IsXDv6We,jbundockiy@comcast.net
684,Hillery,Arnaudi,grkw48fotIX,harnaudiiz@ibm.com
685,Rockey,Gorton,ORm6IT1eejy,rgortonj0@alexa.com
686,Ilysa,L'argent,L7yx5Fjdd,ilargentj1@microsoft.com
687,Cinda,Maxweell,PExD0JXhaYv,cmaxweellj2@friendfeed.com
688,Caty,Kelley,hqjJBJ,ckelleyj3@wp.com
689,Beryle,Vanacci,JrEGkAMQSnb,bvanaccij4@earthlink.net
690,Frances,McGilroy,rVcD8v4UF0Hg,fmcgilroyj5@europa.eu
691,Abbi,Eschalette,8xHFywMDJ,aeschalettej6@imdb.com
692,Danell,Rooke,gR0o2w9XKb4D,drookej7@marketwatch.com
693,Jaymie,Boller,X6xu4BE2Be,jbollerj8@vkontakte.ru
694,Alwyn,Itzhaiek,cuV91oIrA,aitzhaiekj9@cargocollective.com
695,Starlene,Witchard,iJTyHvVeTiC,switchardja@ifeng.com
696,Selig,Little,9cKoZ8ilh1oV,slittlejb@accuweather.com
697,Marv,Tapply,GiC6eGjs6E,mtapplyjc@xinhuanet.com
698,Reeva,Gauchier,JlXyWb,rgauchierjd@ehow.com
699,Olivia,Clothier,R57GXz8dg,oclothierje@squidoo.com
700,Saloma,Wyllcock,lVbd6X9OMOZ,swyllcockjf@paypal.com
701,Victor,Ingreda,6fizwY,vingredajg@icio.us
702,Gannon,Trighton,TXIYSI,gtrightonjh@sun.com
703,Andres,Oke,1SGpf3HnNKOE,aokeji@aboutads.info
704,Star,Townes,BHWVqf0SQoQV,stownesjj@etsy.com
705,Eunice,Maddock,y6uNi24HW,emaddockjk@home.pl
706,Alejandra,Waltering,OuXhsHNzXPPQ,awalteringjl@rakuten.co.jp
707,Pansie,Sterman,JU0Lh8BAnU,pstermanjm@house.gov
708,Remus,Hatrick,6JvwWXy,rhatrickjn@kickstarter.com
709,Alyson,Grzegorzewicz,q2W6Li,agrzegorzewiczjo@gravatar.com
710,Carry,Farmiloe,dxEEZn,cfarmiloejp@google.com.br
711,Cody,Markovich,ekeWgYFleq8,cmarkovichjq@joomla.org
712,Brock,Dwane,Nlj0rp,bdwanejr@qq.com
713,Rriocard,Merriton,tn8Q0IzcViM,rmerritonjs@freewebs.com
714,Damiano,Fuidge,VHD6kPC3,dfuidgejt@slate.com
715,Valene,Nare,xj8P6I9NJ,vnareju@reddit.com
716,Jacklin,Stopper,ti0jRxL,jstopperjv@apache.org
717,Lemmy,Crampton,Tc85q05VmBU5,lcramptonjw@rakuten.co.jp
718,Viviyan,Hallatt,oyP6UKC,vhallattjx@cloudflare.com
719,Cornelle,Padbury,GXl7982wZ,cpadburyjy@cocolog-nifty.com
720,Astrid,Edger,WbpOA7E,aedgerjz@acquirethisname.com
721,Nelly,Giraux,EDcsZBYzwwYI,ngirauxk0@go.com
722,Trumaine,Cussen,C0PejWtd1pz,tcussenk1@stumbleupon.com
723,Fredek,Dechelette,tXnszbM17m,fdechelettek2@oakley.com
724,Kati,Thickett,KvVIHxJE7,kthickettk3@dagondesign.com
725,Chastity,Drance,W3IUBT,cdrancek4@usatoday.com
726,Ruth,Schwerin,S0NV8uUNkU6n,rschwerink5@acquirethisname.com
727,Arthur,Rizzardo,xiYPcN,arizzardok6@ca.gov
728,Leanor,Bucky,Si49tgN,lbuckyk7@yahoo.co.jp
729,Albie,Tollet,eF3TJV8fX5KJ,atolletk8@japanpost.jp
730,Cherey,Mathissen,x0ue4V3zf7Xm,cmathissenk9@github.com
731,Brittaney,Sneaker,a26DzhC8,bsneakerka@fotki.com
732,Linnie,Beynon,IMfcckMcn,lbeynonkb@technorati.com
733,Reilly,Paroni,prSpQX7,rparonikc@plala.or.jp
734,Ursuline,Carnihan,YJlpJEqOrqu,ucarnihankd@tinyurl.com
735,Nerissa,Syddon,QvsCRcOYP,nsyddonke@histats.com
736,Renaud,Spanswick,ALngOy,rspanswickkf@naver.com
737,De witt,L'Episcopi,XwCEKycLAG,dlepiscopikg@infoseek.co.jp
738,Babs,Colmer,gJvd3Ir,bcolmerkh@foxnews.com
739,Gillan,Clarson,uIqtAPrs6bZ0,gclarsonki@cdc.gov
740,Sophey,Bradshaw,OsOww5SPTQqu,sbradshawkj@stanford.edu
741,Ray,Klamman,wRfv1zVpLZ,rklammankk@aboutads.info
742,Zelma,Maher,VoBbEb0,zmaherkl@ask.com
743,Kristen,Reeson,IWZp4F8fvmp,kreesonkm@blog.com
744,Pepe,Trusdale,OshMYiLcXQs,ptrusdalekn@epa.gov
745,Abbie,Kyston,ts975YkREG,akystonko@hao123.com
746,Cynthea,Nockells,QEcYW7M,cnockellskp@census.gov
747,Dorian,Broome,Dd7rLD,dbroomekq@un.org
748,Nicolais,Cheves,wRCH2rGqgos,ncheveskr@pbs.org
749,Kean,Garrioch,Kaa1XJZ,kgarriochks@icq.com
750,Willette,Ties,rmA8fVAdJAmW,wtieskt@un.org
751,Berte,Wake,D1rwPPE5a,bwakeku@bravesites.com
752,Fina,Ruxton,mSm3DSoa1,fruxtonkv@slideshare.net
753,Lyn,Greengrass,pXaWPk8,lgreengrasskw@live.com
754,Ulrich,McGairl,KFINRN0,umcgairlkx@slideshare.net
755,Conrado,Hobben,XMdTE3opIoC,chobbenky@twitpic.com
756,Ware,Vescovo,KA2IaPbWB,wvescovokz@sakura.ne.jp
757,Olwen,Rozalski,hn05pa1lxfP,orozalskil0@jigsy.com
758,Marlow,Hamlin,YtmqioeqS,mhamlinl1@amazon.co.jp
759,Raimund,Golagley,bqzdCaFJGV,rgolagleyl2@weebly.com
760,Thor,Lunn,2tUQZ613,tlunnl3@noaa.gov
761,Alisander,Dalyiel,gsGQDItGVf,adalyiell4@w3.org
762,Fredelia,Duckering,1AmOLoCY,fduckeringl5@icq.com
763,Sheppard,Lauritzen,Ren98t,slauritzenl6@wsj.com
764,Crin,Franklen,ZvYZfqk0,cfranklenl7@discuz.net
765,Thorvald,Cassley,HugDDNsgce,tcassleyl8@photobucket.com
766,Padgett,Luparti,RhbUyRdxUH,plupartil9@nhs.uk
767,Krishna,Meineking,cs0cmgWu5s,kmeinekingla@addtoany.com
768,Calv,Donne,5t1QCF,cdonnelb@github.com
769,Linea,Circuit,kweS21q6A,lcircuitlc@t.co
770,Guthrey,Forsaith,ZjcUlQtiGFoN,gforsaithld@washington.edu
771,Dannie,Iggulden,NcMQDeeJJ7,digguldenle@cornell.edu
772,Jimmy,Pulfer,Tr8Doz,jpulferlf@tiny.cc
773,Mar,Gavrielli,QoAoqtBHFzK,mgavriellilg@microsoft.com
774,Joline,Lesslie,20mIEa3y,jlesslielh@dell.com
775,Korrie,Lanchberry,QlulFSOTx1,klanchberryli@boston.com
776,Corinne,Kaemena,PvC7VI1DZih,ckaemenalj@ucoz.com
777,Skipp,Spilsburie,CZCfxfaE5TU,sspilsburielk@yahoo.com
778,Gerrard,Chatenier,qM3VVknhdl,gchatenierll@home.pl
779,Jorey,Egleton,zV7BbihE,jegletonlm@answers.com
780,Adah,Waywell,wc6PBBrPna,awaywellln@ezinearticles.com
781,Lucille,Jewis,wQd1OHsYHXD,ljewislo@odnoklassniki.ru
782,Melisent,De Laspee,2YFGTG,mdelaspeelp@ucsd.edu
783,Sarena,Aspinall,c54ByCCe,saspinalllq@wix.com
784,Olva,Millberg,IVQfoyxZL,omillberglr@bandcamp.com
785,Morgana,Lelievre,ABEKTRCU,mlelievrels@spiegel.de
786,Justen,Kinner,5crEiMQgsEIn,jkinnerlt@liveinternet.ru
787,Athena,Ellacott,zNookGv,aellacottlu@yolasite.com
788,Gwyn,Mateo,addWmh1HtJY1,gmateolv@harvard.edu
789,Rosa,Cisneros,kinYDMT7Jts,rcisneroslw@ca.gov
790,Blakeley,Milington,a6AlZmlv,bmilingtonlx@ow.ly
791,Kelley,Crowdy,3skYl0R,kcrowdyly@jiathis.com
792,Torr,Vannoni,SFtSXvjGh,tvannonilz@digg.com
793,Fey,Hrinchishin,ZejWQmzoeB,fhrinchishinm0@alexa.com
794,Jobey,Jachimak,d2RAt9eCY,jjachimakm1@marketwatch.com
795,Theresita,Flindall,x4l5SaM,tflindallm2@rediff.com
796,Leanna,Tomkiss,dbHFwNYtt,ltomkissm3@altervista.org
797,Kizzee,Hamal,5owtDvfdgzi0,khamalm4@reference.com
798,Brooks,Melson,w2guHeLqk,bmelsonm5@weather.com
799,Kimball,Pilger,HxenHfWha3K,kpilgerm6@mac.com
800,Susanna,Spaice,qINgeKq,sspaicem7@paypal.com
801,Alvin,Naulls,zUUO16CWI,anaullsm8@prlog.org
802,Abdul,Kleanthous,5trohfZoRzF,akleanthousm9@furl.net
803,Ardra,Learmouth,tJLgYnJDf,alearmouthma@lycos.com
804,Marylinda,Pally,CrFntJ,mpallymb@diigo.com
805,Tildi,Leebetter,emKM0exQFfu,tleebettermc@multiply.com
806,Delly,Hadrill,ulKQeooo2,dhadrillmd@mayoclinic.com
807,Hugo,Milstead,920Y5h1BPjB,hmilsteadme@businessinsider.com
808,Ettie,Hartfleet,k2tavLgWrhy,ehartfleetmf@example.com
809,Julian,Dockrey,cheUKlX,jdockreymg@skyrock.com
810,Jayme,Tasch,9sIPfYmclWd,jtaschmh@acquirethisname.com
811,Raoul,Doche,i0mHHWuZI8Ck,rdochemi@wp.com
812,Danika,Zanuciolii,SMLij1Se6Oo,dzanucioliimj@seattletimes.com
813,Crista,Colthard,QoBt8Heg,ccolthardmk@merriam-webster.com
814,Emylee,Tidcomb,rXPijUVJa,etidcombml@epa.gov
815,Perkin,Ruskin,WO3hwDxPnu,pruskinmm@paypal.com
816,Judi,Pryor,8zVitekmGT,jpryormn@biblegateway.com
817,Sayre,Sigert,RDNGga,ssigertmo@dell.com
818,Federica,Glacken,NP7h3CrX,fglackenmp@youtu.be
819,Dode,Doick,mSauL8tGjHc,ddoickmq@fda.gov
820,Archie,Pagelsen,vteQLCp0,apagelsenmr@ucla.edu
821,Cy,Girone,1Q3jfKCdg,cgironems@arstechnica.com
822,Lavena,Jancey,GlrHk3x0,ljanceymt@mlb.com
823,Cullan,Gladman,yFwGN9wj6,cgladmanmu@tinypic.com
824,Joya,Carss,dsPWqO,jcarssmv@is.gd
825,Rem,Halfhyde,7vqPfFRO5l,rhalfhydemw@so-net.ne.jp
826,Granny,Mulrean,QRzydHCn,gmulreanmx@joomla.org
827,Sollie,Belchambers,i5e2DE,sbelchambersmy@tinyurl.com
828,Obediah,Denisyev,KfWc8o1k,odenisyevmz@twitter.com
829,Daryl,Blasik,2agSx6k1H,dblasikn0@msn.com
830,Jack,Kelloway,dyEJ1dAqSs82,jkellowayn1@ifeng.com
831,Tanney,Hamber,kLo1hU,thambern2@nationalgeographic.com
832,Killy,Satterly,W9c1bg0,ksatterlyn3@google.es
833,Ashton,Luna,UVxEqlEJ077z,alunan4@google.ru
834,Davita,Messent,5B6trUdS,dmessentn5@gravatar.com
835,Kane,Millis,EXuuKijDysd,kmillisn6@admin.ch
836,Alisha,Frantzeni,spZZqO,afrantzenin7@berkeley.edu
837,Giselle,Camoletto,pXI129Y9N2r,gcamoletton8@rediff.com
838,Bryna,Waith,WXfVnAYd,bwaithn9@comcast.net
839,Dorothy,Chittim,x7FgYz,dchittimna@hostgator.com
840,Sarita,Toffoletto,bbssXRkmm1V,stoffolettonb@chronoengine.com
841,Helyn,Branson,BOjDTz,hbransonnc@sun.com
842,Alvy,Grinnov,44sU96SvcFfm,agrinnovnd@msn.com
843,Lucilia,Cawdell,6wIZyeK,lcawdellne@amazon.de
844,Sigfried,Izacenko,vAXO6qNlcVO,sizacenkonf@wunderground.com
845,Miguelita,Allred,SfZRxvLmHJU,mallredng@youtube.com
846,Gweneth,Piggott,CIaKUd,gpiggottnh@ftc.gov
847,See,Wellfare,YuyGC8G,swellfareni@thetimes.co.uk
848,Broderick,Newberry,YpxW5AV,bnewberrynj@wsj.com
849,Caroline,Pickle,nnauTZFvloy,cpicklenk@wunderground.com
850,Humphrey,Ingles,4l6YDMV4pO,hinglesnl@over-blog.com
851,Katlin,Schruur,uBoXfuJZWK,kschruurnm@last.fm
852,Kriste,Restill,Rn0WgEBrk2,krestillnn@goo.gl
853,Jennica,Woodson,4glQSG9S,jwoodsonno@nymag.com
854,Wittie,Michele,NrvnpDG92WEK,wmichelenp@epa.gov
855,Ricki,Randlesome,tshrQMV,rrandlesomenq@hc360.com
856,Kellen,Pike,BdODc1nKxKH,kpikenr@clickbank.net
857,Colby,Anwyl,1aFLee,canwylns@adobe.com
858,Kakalina,Caygill,mpq7DBY,kcaygillnt@craigslist.org
859,Rhoda,Coonan,A9slQXU,rcoonannu@go.com
860,Byrle,Rubinek,MHJCD24LZZ8,brubineknv@miitbeian.gov.cn
861,Gustie,Culkin,TKCkNs7,gculkinnw@discovery.com
862,Paulette,Firidolfi,IYKxHdOh3wMW,pfiridolfinx@ebay.com
863,Dian,Kreber,fdyjQR8FfYMp,dkreberny@tuttocitta.it
864,Sally,Alliband,mZ3Qux7Apk,sallibandnz@mysql.com
865,Camellia,Paslow,xBhxXaOTp6V,cpaslowo0@mysql.com
866,Denys,Kyles,T1zNlP81,dkyleso1@istockphoto.com
867,Sonia,Castanie,MjySMRrhI38A,scastanieo2@mashable.com
868,Tanitansy,Naile,1h5fxaR,tnaileo3@aol.com
869,Vally,Reddings,ksfBZs1jl,vreddingso4@tinyurl.com
870,Rica,Atwater,iP6OD5QFaObn,ratwatero5@simplemachines.org
871,Isa,Alflatt,qMFasyA8Z,ialflatto6@joomla.org
872,Egan,Felce,8Sq8rxDna,efelceo7@microsoft.com
873,Libbey,Mogey,uR8IUcWdB,lmogeyo8@prlog.org
874,Denni,Bonwick,XLBzte3Yx32,dbonwicko9@umn.edu
875,Lil,Shearer,qi0rVlLuwA,lsheareroa@bandcamp.com
876,Ethel,Chaves,lVz448ZcN,echavesob@hao123.com
877,Aeriell,Oakton,g5SzL4nj,aoaktonoc@dailymotion.com
878,Donaugh,Northover,HsCwbguPOFPt,dnorthoverod@hostgator.com
879,Rora,Gerrit,6zAEwmnDk3a,rgerritoe@slideshare.net
880,Smitty,Ronca,cglexzDEktSQ,sroncaof@ycombinator.com
881,Fredra,Heffernon,IuNBIvT,fheffernonog@shareasale.com
882,Beatrisa,Ashleigh,dPNllDDC9,bashleighoh@yandex.ru
883,Mirabel,Lapthorn,Z2Ij31iok,mlapthornoi@rambler.ru
884,Calhoun,Brumfitt,9kpjTigpq,cbrumfittoj@slideshare.net
885,Jasen,Jone,iSYy7oic,jjoneok@g.co
886,Stanleigh,Jolin,zfUMYVcS4SFF,sjolinol@foxnews.com
887,Doralia,Marti,0nz7loair,dmartiom@constantcontact.com
888,Gibby,Boynton,cQte3g9e,gboyntonon@dell.com
889,Bartlett,Lince,E3c6xL,blinceoo@yelp.com
890,Abbie,Heavens,33sxGxepy,aheavensop@utexas.edu
891,Noel,Boays,xkqZqk,nboaysoq@ehow.com
892,Debra,Solland,rmSEGF,dsollandor@sakura.ne.jp
893,Arlan,Dewes,zQQ7zuM,adewesos@wiley.com
894,Antonie,Fakeley,9Hvxt4r1y,afakeleyot@wiley.com
895,Orion,Rodgier,lwLPlm,orodgierou@telegraph.co.uk
896,Lindsey,Blakeden,feGmrnnLkMJ,lblakedenov@dot.gov
897,Hale,Ferrero,A9U3HT,hferreroow@ihg.com
898,Web,Wickardt,oVUFoKQPgMcW,wwickardtox@pbs.org
899,Rasla,Antonchik,c0ysPsOqOle8,rantonchikoy@liveinternet.ru
900,Lenka,Nystrom,SDRctPUCFT5b,lnystromoz@wsj.com
901,Welsh,Ducarel,rUrsIP,wducarelp0@cnn.com
902,Cobby,De-Ville,tcSjV2QiTSSZ,cdevillep1@prlog.org
903,Stanly,Mattek,lgT5ZlvNwuj,smattekp2@nymag.com
904,Karlotta,Skypp,9bJlV1iUUq,kskyppp3@github.com
905,Tyson,Naisby,Tx3qwOfHU,tnaisbyp4@vinaora.com
906,Damian,Schachter,IKERPc,dschachterp5@blogger.com
907,Sophie,Gouley,MNwpSUwSyNQ4,sgouleyp6@pagesperso-orange.fr
908,Flint,Nevin,632ZGbXOkRbz,fnevinp7@barnesandnoble.com
909,Cyrille,Von Gladbach,pr7kgs,cvongladbachp8@dyndns.org
910,Arabelle,Durie,3ksmfjD2jnj,aduriep9@lulu.com
911,Shae,Grievson,6HN6JCW,sgrievsonpa@thetimes.co.uk
912,Demetris,Thinn,JAtzHT9,dthinnpb@issuu.com
913,Reine,Work,ZxpRBSsXgL,rworkpc@flickr.com
914,Marlene,Lubomirski,JJbLdds,mlubomirskipd@youku.com
915,Nickie,Bloxsom,v7VDD5mTfm9,nbloxsompe@t-online.de
916,Stillmann,Orrom,6Ko7W7,sorrompf@unblog.fr
917,Glenda,Gorries,H5cRjqLUjYka,ggorriespg@yahoo.com
918,Lind,Pheasey,FRK4fT,lpheaseyph@issuu.com
919,Den,Piggens,F4duXjhASWE,dpiggenspi@jiathis.com
920,Adelina,Jarret,CaBBtu,ajarretpj@yale.edu
921,Brigitte,Lamonby,jTm5EalzHef,blamonbypk@deliciousdays.com
922,Dudley,Witton,M6mNhPEjr5,dwittonpl@nsw.gov.au
923,Worthington,Rollings,SMClkaJ9,wrollingspm@miitbeian.gov.cn
924,Yorgo,Varker,WiefNbDB,yvarkerpn@lulu.com
925,Marcos,Lindbergh,osSA7OoghvYG,mlindberghpo@forbes.com
926,Vickie,Covelle,rPYSBc2Td7kY,vcovellepp@google.ru
927,Emelina,Alabastar,0Ie8A0,ealabastarpq@facebook.com
928,Clarissa,Bathurst,74PB8SmkOkra,cbathurstpr@altervista.org
929,Leupold,Pacheco,sVqgQzWxlPC,lpachecops@canalblog.com
930,Gabby,Escoffier,PIk3DyFoN2,gescoffierpt@time.com
931,Georgi,Heisham,Y4UAoiBhw,gheishampu@umich.edu
932,Demetra,Sandon,RI4SSv,dsandonpv@sciencedirect.com
933,Jobie,Shackell,j0V5WR3XN,jshackellpw@state.tx.us
934,Patrizia,Litchfield,Qf8tU5qjeMy,plitchfieldpx@indiegogo.com
935,Sigfried,Stoite,0GiMAFFcCgfo,sstoitepy@washington.edu
936,Ephrem,Mc Faul,ek71gh2mj,emcfaulpz@about.com
937,Julita,Yerrington,Yywv81sXvkY,jyerringtonq0@seesaa.net
938,Janella,Ledgerton,VaLzwZEc0i,jledgertonq1@kickstarter.com
939,Selle,Antony,HBhkeAmXCOm,santonyq2@netvibes.com
940,Ara,Thiem,xWNEoX,athiemq3@163.com
941,Franz,Phare,CxyeEWuW,fphareq4@hexun.com
942,Sabine,Inglesfield,4JGg2SnT,singlesfieldq5@wired.com
943,Hermon,Cardinale,7ka8shpEM,hcardinaleq6@jugem.jp
944,Lian,Raden,ng98BT,lradenq7@berkeley.edu
945,Elisha,Mablestone,D3srRNSNBU,emablestoneq8@github.com
946,Chane,Redfern,TfLaNW2zWfzW,credfernq9@google.fr
947,Nertie,Keal,2HStkuZ4,nkealqa@myspace.com
948,Archambault,Ansteys,GDVUICn,aansteysqb@springer.com
949,Val,Sherrett,Klhl3zKzCQT,vsherrettqc@naver.com
950,Barnett,Issatt,R96oqy1cw0,bissattqd@si.edu
951,Anabal,McCadden,5FWAmO9,amccaddenqe@mozilla.org
952,Hort,Guerin,55h4Yzrrh,hguerinqf@businesswire.com
953,Adara,De Blasio,Jwr2Hot,adeblasioqg@shutterfly.com
954,Clemmie,Priddle,8MS99I80M,cpriddleqh@netvibes.com
955,Ricki,Gian,n5Yq9g,rgianqi@privacy.gov.au
956,Candis,Hartmann,B5hyhzZLXYnD,chartmannqj@virginia.edu
957,Dael,Kermott,ZEwmut2WNOkE,dkermottqk@tuttocitta.it
958,Hillyer,Brosnan,j7nhdlA,hbrosnanql@tiny.cc
959,Nathanil,Gready,Fu9KxGPb3nl,ngreadyqm@xing.com
960,Cody,Gandar,IF2TWSwuxzB,cgandarqn@marriott.com
961,Danyelle,Newbury,l9hePGLopCX,dnewburyqo@shareasale.com
962,Breanne,Symes,GPYzTLC4,bsymesqp@bbb.org
963,Nicolle,Boulds,Jf0jRc4iHM,nbouldsqq@github.io
964,Valaree,Surr,rYlIeZRKkGT5,vsurrqr@addthis.com
965,Yasmin,Sellack,IvOy2Jaa,ysellackqs@csmonitor.com
966,Rikki,McGooch,icxuuXxA,rmcgoochqt@github.com
967,Loydie,Cheesman,yyomsgAl,lcheesmanqu@usa.gov
968,Elnore,Stanex,FmM3m6ik3h,estanexqv@vk.com
969,Devy,Beharrell,Os2goJN3B,dbeharrellqw@biblegateway.com
970,Ottilie,Paoletti,ilCtCggJB,opaolettiqx@mtv.com
971,Bebe,MacGrath,0DHx3s6e,bmacgrathqy@narod.ru
972,Charity,Ventura,jt8u1K,cventuraqz@si.edu
973,Audry,Runham,71E4O2p,arunhamr0@uol.com.br
974,Jody,Baselio,Qyd6WJo2,jbaselior1@mapy.cz
975,Vergil,Kiln,yCfe7fMQbj,vkilnr2@networkadvertising.org
976,Aldin,Ferber,9117FP,aferberr3@google.ca
977,Townie,Broxton,sQX66PQXL6wg,tbroxtonr4@instagram.com
978,Florri,Tumayan,T7ZAYcYgdOdG,ftumayanr5@jiathis.com
979,Viviene,Faltin,YCT4iaA,vfaltinr6@joomla.org
980,Leonie,Hatcliffe,wCNB8Wd,lhatcliffer7@apache.org
981,Harper,Tookey,Mdp8QRYrjl,htookeyr8@columbia.edu
982,Ianthe,Anfrey,bBjkbEoTCt,ianfreyr9@admin.ch
983,Babita,Baxter,LzSXJT,bbaxterra@ftc.gov
984,Bellanca,Hawkswood,IJUOQAIe,bhawkswoodrb@forbes.com
985,Davy,Maccaddie,fldswKwmQM,dmaccaddierc@stanford.edu
986,Brant,Brute,tQS9DJj36,bbruterd@who.int
987,Ashley,Scarr,B7KXhSc9,ascarrre@statcounter.com
988,Robinet,Cater,jiYM8V5cn,rcaterrf@geocities.jp
989,Justin,Fullerd,eTNStOs8yXe,jfullerdrg@symantec.com
990,Nerti,Kadar,EBknJ6,nkadarrh@irs.gov
991,Kaia,Verlinde,i5u9m8GCkC,kverlinderi@vinaora.com
992,Dael,Bartomieu,QLN2VOF,dbartomieurj@xrea.com
993,Yvon,Massimo,YDpngIGkOZ,ymassimork@flavors.me
994,Ardenia,Chate,f0usHU,achaterl@si.edu
995,Randie,Corstan,ZPHYliIVm,rcorstanrm@drupal.org
996,Norah,Revett,fCdFGcm,nrevettrn@furl.net
997,Land,Dreier,c3obXXrqWQNg,ldreierro@mlb.com
998,Haywood,Hendrichs,7J6fZcdM,hhendrichsrp@tiny.cc
999,Celestina,Iacobacci,kKTM1vZhojG,ciacobaccirq@imgur.com
1000,Sybila,Durham,revZOKYM,sdurhamrr@themeforest.net
